
-- ======================================
-- Inserción de datos de prueba (5 por tabla)
-- ======================================

-- 1️⃣ Insertar REGIONES
INSERT INTO REGION (REGION_ID, NOMBRE_REGION) VALUES (1, 'Norte');
INSERT INTO REGION (REGION_ID, NOMBRE_REGION) VALUES (2, 'Sur');
INSERT INTO REGION (REGION_ID, NOMBRE_REGION) VALUES (3, 'Este');
INSERT INTO REGION (REGION_ID, NOMBRE_REGION) VALUES (4, 'Oeste');
INSERT INTO REGION (REGION_ID, NOMBRE_REGION) VALUES (5, 'Centro');

-- 2️⃣ Insertar TIENDAS
INSERT INTO TIENDA (ID_TIENDA, REGION_ID, NOMBRE, DIRECCION) VALUES (101, 1, 'Tienda Quito Norte', 'Av. Amazonas 100');
INSERT INTO TIENDA (ID_TIENDA, REGION_ID, NOMBRE, DIRECCION) VALUES (102, 2, 'Tienda Guayaquil Sur', 'Malecón 2000');
INSERT INTO TIENDA (ID_TIENDA, REGION_ID, NOMBRE, DIRECCION) VALUES (103, 3, 'Tienda Cuenca Este', 'Calle Larga 123');
INSERT INTO TIENDA (ID_TIENDA, REGION_ID, NOMBRE, DIRECCION) VALUES (104, 4, 'Tienda Loja Oeste', 'Av. Universitaria 300');
INSERT INTO TIENDA (ID_TIENDA, REGION_ID, NOMBRE, DIRECCION) VALUES (105, 5, 'Tienda Ambato Centro', 'Bolívar 456');

-- 3️⃣ Insertar PROVEEDORES
INSERT INTO PROVEEDOR (PROVEEDOR_ID, NOMBRE, EMAIL, TELEFONO) VALUES (201, 'TechPro S.A.', 'ventas@techpro.com', '0991234567');
INSERT INTO PROVEEDOR (PROVEEDOR_ID, NOMBRE, EMAIL, TELEFONO) VALUES (202, 'MundoSoft', 'contacto@mundosoft.ec', '0987654321');
INSERT INTO PROVEEDOR (PROVEEDOR_ID, NOMBRE, EMAIL, TELEFONO) VALUES (203, 'Electronix', 'info@electronix.ec', '0976543210');
INSERT INTO PROVEEDOR (PROVEEDOR_ID, NOMBRE, EMAIL, TELEFONO) VALUES (204, 'MegaPrint', 'ventas@megaprint.com', '0965432109');
INSERT INTO PROVEEDOR (PROVEEDOR_ID, NOMBRE, EMAIL, TELEFONO) VALUES (205, 'SmartHome', 'soporte@smarthome.ec', '0954321098');

-- 4️⃣ Insertar PRODUCTOS
INSERT INTO PRODUCTO (PRODUCTO_ID, PROVEEDOR_ID, NOMBRE, PRECIO) VALUES (301, 201, 'Laptop HP', 850.00);
INSERT INTO PRODUCTO (PRODUCTO_ID, PROVEEDOR_ID, NOMBRE, PRECIO) VALUES (302, 202, 'Mouse Inalámbrico', 25.00);
INSERT INTO PRODUCTO (PRODUCTO_ID, PROVEEDOR_ID, NOMBRE, PRECIO) VALUES (303, 203, 'Monitor LG 24"', 190.00);
INSERT INTO PRODUCTO (PRODUCTO_ID, PROVEEDOR_ID, NOMBRE, PRECIO) VALUES (304, 204, 'Impresora Canon', 150.00);
INSERT INTO PRODUCTO (PRODUCTO_ID, PROVEEDOR_ID, NOMBRE, PRECIO) VALUES (305, 205, 'Cámara de Seguridad', 120.00);

-- 5️⃣ Insertar CLIENTES
INSERT INTO CLIENTE (CLIENTE_ID, NOMBRE, APELLIDO, EMAIL, TELEFONO) VALUES (401, 'Andrea', 'Pérez', 'andrea.perez@mail.com', '0999988776');
INSERT INTO CLIENTE (CLIENTE_ID, NOMBRE, APELLIDO, EMAIL, TELEFONO) VALUES (402, 'Carlos', 'Mendoza', 'carlos.m@mail.com', '0988877665');
INSERT INTO CLIENTE (CLIENTE_ID, NOMBRE, APELLIDO, EMAIL, TELEFONO) VALUES (403, 'Diana', 'Rojas', 'd.rojas@mail.com', '0977766554');
INSERT INTO CLIENTE (CLIENTE_ID, NOMBRE, APELLIDO, EMAIL, TELEFONO) VALUES (404, 'Esteban', 'Vera', 'esteban.vera@mail.com', '0966655443');
INSERT INTO CLIENTE (CLIENTE_ID, NOMBRE, APELLIDO, EMAIL, TELEFONO) VALUES (405, 'Gabriela', 'Lozano', 'g.lozano@mail.com', '0955544332');

-- 6️⃣ Insertar INVENTARIO
INSERT INTO INVENTARIO (INVENTARIO_ID, ID_TIENDA, PRODUCTO_ID, CANTIDAD) VALUES (501, 101, 301, 10);
INSERT INTO INVENTARIO (INVENTARIO_ID, ID_TIENDA, PRODUCTO_ID, CANTIDAD) VALUES (502, 102, 302, 50);
INSERT INTO INVENTARIO (INVENTARIO_ID, ID_TIENDA, PRODUCTO_ID, CANTIDAD) VALUES (503, 103, 303, 20);
INSERT INTO INVENTARIO (INVENTARIO_ID, ID_TIENDA, PRODUCTO_ID, CANTIDAD) VALUES (504, 104, 304, 15);
INSERT INTO INVENTARIO (INVENTARIO_ID, ID_TIENDA, PRODUCTO_ID, CANTIDAD) VALUES (505, 105, 305, 30);

-- 7️⃣ Insertar VENTAS
INSERT INTO VENTAS (VENTA_ID, ID_TIENDA, CLIENTE_ID, FECHA, TOTAL) VALUES (601, 101, 401, TO_DATE('2025-06-10', 'YYYY-MM-DD'), 875.00);
INSERT INTO VENTAS (VENTA_ID, ID_TIENDA, CLIENTE_ID, FECHA, TOTAL) VALUES (602, 102, 402, TO_DATE('2025-06-11', 'YYYY-MM-DD'), 50.00);
INSERT INTO VENTAS (VENTA_ID, ID_TIENDA, CLIENTE_ID, FECHA, TOTAL) VALUES (603, 103, 403, TO_DATE('2025-06-12', 'YYYY-MM-DD'), 200.00);
INSERT INTO VENTAS (VENTA_ID, ID_TIENDA, CLIENTE_ID, FECHA, TOTAL) VALUES (604, 104, 404, TO_DATE('2025-06-13', 'YYYY-MM-DD'), 150.00);
INSERT INTO VENTAS (VENTA_ID, ID_TIENDA, CLIENTE_ID, FECHA, TOTAL) VALUES (605, 105, 405, TO_DATE('2025-06-14', 'YYYY-MM-DD'), 240.00);

-- 8️⃣ Insertar DETALLE_VENTA
INSERT INTO DETALLE_VENTA (VENTA_ID, DETALLE_ID, PRODUCTO_ID, CANTIDAD, PRECIO_UNITARIO, SUB_TOTAL) VALUES (601, 1, 301, 1, 850.00, 850.00);
INSERT INTO DETALLE_VENTA (VENTA_ID, DETALLE_ID, PRODUCTO_ID, CANTIDAD, PRECIO_UNITARIO, SUB_TOTAL) VALUES (601, 2, 302, 1, 25.00, 25.00);
INSERT INTO DETALLE_VENTA (VENTA_ID, DETALLE_ID, PRODUCTO_ID, CANTIDAD, PRECIO_UNITARIO, SUB_TOTAL) VALUES (602, 1, 302, 2, 25.00, 50.00);
INSERT INTO DETALLE_VENTA (VENTA_ID, DETALLE_ID, PRODUCTO_ID, CANTIDAD, PRECIO_UNITARIO, SUB_TOTAL) VALUES (603, 1, 303, 1, 190.00, 190.00);
INSERT INTO DETALLE_VENTA (VENTA_ID, DETALLE_ID, PRODUCTO_ID, CANTIDAD, PRECIO_UNITARIO, SUB_TOTAL) VALUES (604, 1, 304, 1, 150.00, 150.00);
