-- 1. Insertar en la tabla REGION
INSERT INTO REGION (REGION_ID, NOMBRE_REGION)
VALUES (1, 'Norte');

INSERT INTO REGION (REGION_ID, NOMBRE_REGION)
VALUES (2, 'Sur');

INSERT INTO REGION (REGION_ID, NOMBRE_REGION)
VALUES (3, 'Este');

INSERT INTO REGION (REGION_ID, NOMBRE_REGION)
VALUES (4, 'Oeste');

INSERT INTO REGION (REGION_ID, NOMBRE_REGION)
VALUES (5, 'Centro');


-- 2. Insertar en la tabla CATEGORIA
INSERT INTO CATEGORIA (CATEGORIA_ID, NOMBRE_CATEGORIA, DESCRIPCION)
VALUES (1, 'Electrónica', 'Dispositivos electrónicos y gadgets');

INSERT INTO CATEGORIA (CATEGORIA_ID, NOMBRE_CATEGORIA, DESCRIPCION)
VALUES (2, 'Ropa', 'Prendas de vestir y accesorios');

INSERT INTO CATEGORIA (CATEGORIA_ID, NOMBRE_CATEGORIA, DESCRIPCION)
VALUES (3, 'Alimentos', 'Productos comestibles');

INSERT INTO CATEGORIA (CATEGORIA_ID, NOMBRE_CATEGORIA, DESCRIPCION)
VALUES (4, 'Hogar', 'Artículos para el hogar');

INSERT INTO CATEGORIA (CATEGORIA_ID, NOMBRE_CATEGORIA, DESCRIPCION)
VALUES (5, 'Juguetes', 'Juguetes para niños');


-- 3. Insertar en la tabla PROVEEDOR
INSERT INTO PROVEEDOR (PROVEEDOR_ID, NOMBRE, EMAIL, TELEFONO)
VALUES (1, 'Proveedor A', 'proveedora@mail.com', '1234567890');

INSERT INTO PROVEEDOR (PROVEEDOR_ID, NOMBRE, EMAIL, TELEFONO)
VALUES (2, 'Proveedor B', 'proveedorb@mail.com', '2345678901');

INSERT INTO PROVEEDOR (PROVEEDOR_ID, NOMBRE, EMAIL, TELEFONO)
VALUES (3, 'Proveedor C', 'proveedorc@mail.com', '3456789012');

INSERT INTO PROVEEDOR (PROVEEDOR_ID, NOMBRE, EMAIL, TELEFONO)
VALUES (4, 'Proveedor D', 'proveedord@mail.com', '4567890123');

INSERT INTO PROVEEDOR (PROVEEDOR_ID, NOMBRE, EMAIL, TELEFONO)
VALUES (5, 'Proveedor E', 'proveedore@mail.com', '5678901234');


-- 4. Insertar en la tabla TIENDA
INSERT INTO TIENDA (ID_TIENDA, REGION_ID, NOMBRE, DIRECCION)
VALUES (1, 1, 'Tienda Norte', 'Av. Norte #123');

INSERT INTO TIENDA (ID_TIENDA, REGION_ID, NOMBRE, DIRECCION)
VALUES (2, 2, 'Tienda Sur', 'Av. Sur #456');

INSERT INTO TIENDA (ID_TIENDA, REGION_ID, NOMBRE, DIRECCION)
VALUES (3, 3, 'Tienda Este', 'Av. Este #789');

INSERT INTO TIENDA (ID_TIENDA, REGION_ID, NOMBRE, DIRECCION)
VALUES (4, 4, 'Tienda Oeste', 'Av. Oeste #101');

INSERT INTO TIENDA (ID_TIENDA, REGION_ID, NOMBRE, DIRECCION)
VALUES (5, 5, 'Tienda Centro', 'Av. Centro #202');


-- 5. Insertar en la tabla CLIENTE
INSERT INTO CLIENTE (CLIENTE_ID, NOMBRE, APELLIDO, EMAIL, TELEFONO)
VALUES (1, 'Juan', 'Pérez', 'juanperez@mail.com', '1000000001');

INSERT INTO CLIENTE (CLIENTE_ID, NOMBRE, APELLIDO, EMAIL, TELEFONO)
VALUES (2, 'María', 'González', 'mariagonzalez@mail.com', '1000000002');

INSERT INTO CLIENTE (CLIENTE_ID, NOMBRE, APELLIDO, EMAIL, TELEFONO)
VALUES (3, 'Carlos', 'López', 'carloslopez@mail.com', '1000000003');

INSERT INTO CLIENTE (CLIENTE_ID, NOMBRE, APELLIDO, EMAIL, TELEFONO)
VALUES (4, 'Ana', 'Martínez', 'anamartinez@mail.com', '1000000004');

INSERT INTO CLIENTE (CLIENTE_ID, NOMBRE, APELLIDO, EMAIL, TELEFONO)
VALUES (5, 'Luis', 'Sánchez', 'luissanchez@mail.com', '1000000005');


-- 6. Insertar en la tabla EMPLEADO
INSERT INTO EMPLEADO (EMPLEADO_ID, ID_TIENDA, NOMBRE, APELLIDO, CARGO)
VALUES (1, 1, 'Pedro', 'Gómez', 'Vendedor');

INSERT INTO EMPLEADO (EMPLEADO_ID, ID_TIENDA, NOMBRE, APELLIDO, CARGO)
VALUES (2, 2, 'Lucía', 'Martín', 'Supervisor');

INSERT INTO EMPLEADO (EMPLEADO_ID, ID_TIENDA, NOMBRE, APELLIDO, CARGO)
VALUES (3, 3, 'Carlos', 'Ruiz', 'Gerente');

INSERT INTO EMPLEADO (EMPLEADO_ID, ID_TIENDA, NOMBRE, APELLIDO, CARGO)
VALUES (4, 4, 'Sofía', 'Pérez', 'Cajera');

INSERT INTO EMPLEADO (EMPLEADO_ID, ID_TIENDA, NOMBRE, APELLIDO, CARGO)
VALUES (5, 5, 'Juan', 'Hernández', 'Almacén');


-- 7. Insertar en la tabla PRODUCTO
INSERT INTO PRODUCTO (PRODUCTO_ID, PROVEEDOR_ID, CATEGORIA_ID, NOMBRE, PRECIO)
VALUES (1, 1, 1, 'Televisor', 350.00);

INSERT INTO PRODUCTO (PRODUCTO_ID, PROVEEDOR_ID, CATEGORIA_ID, NOMBRE, PRECIO)
VALUES (2, 2, 2, 'Camisa', 25.00);

INSERT INTO PRODUCTO (PRODUCTO_ID, PROVEEDOR_ID, CATEGORIA_ID, NOMBRE, PRECIO)
VALUES (3, 3, 3, 'Arroz', 3.50);

INSERT INTO PRODUCTO (PRODUCTO_ID, PROVEEDOR_ID, CATEGORIA_ID, NOMBRE, PRECIO)
VALUES (4, 4, 4, 'Lámpara', 45.00);

INSERT INTO PRODUCTO (PRODUCTO_ID, PROVEEDOR_ID, CATEGORIA_ID, NOMBRE, PRECIO)
VALUES (5, 5, 5, 'Muñeca', 15.00);


-- 8. Insertar en la tabla VENTAS
INSERT INTO VENTAS (VENTA_ID, ID_TIENDA, CLIENTE_ID, FECHA, TOTAL)
VALUES (1, 1, 1, TO_DATE('2025-01-01', 'YYYY-MM-DD'), 375.50);

INSERT INTO VENTAS (VENTA_ID, ID_TIENDA, CLIENTE_ID, FECHA, TOTAL)
VALUES (2, 2, 2, TO_DATE('2025-01-02', 'YYYY-MM-DD'), 50.00);

INSERT INTO VENTAS (VENTA_ID, ID_TIENDA, CLIENTE_ID, FECHA, TOTAL)
VALUES (3, 3, 3, TO_DATE('2025-01-03', 'YYYY-MM-DD'), 70.00);

INSERT INTO VENTAS (VENTA_ID, ID_TIENDA, CLIENTE_ID, FECHA, TOTAL)
VALUES (4, 4, 4, TO_DATE('2025-01-04', 'YYYY-MM-DD'), 60.00);

INSERT INTO VENTAS (VENTA_ID, ID_TIENDA, CLIENTE_ID, FECHA, TOTAL)
VALUES (5, 5, 5, TO_DATE('2025-01-05', 'YYYY-MM-DD'), 120.00);


-- 9. Insertar en la tabla DETALLES_VENTA
INSERT INTO DETALLE_VENTA (VENTA_ID, DETALLE_ID, PRODUCTO_ID, CANTIDAD, PRECIO_UNITARIO, SUB_TOTAL)
VALUES (1, 1, 1, 1, 350.00, 350.00);

INSERT INTO DETALLE_VENTA (VENTA_ID, DETALLE_ID, PRODUCTO_ID, CANTIDAD, PRECIO_UNITARIO, SUB_TOTAL)
VALUES (2, 1, 2, 2, 25.00, 50.00);

INSERT INTO DETALLE_VENTA (VENTA_ID, DETALLE_ID, PRODUCTO_ID, CANTIDAD, PRECIO_UNITARIO, SUB_TOTAL)
VALUES (3, 1, 3, 2, 3.50, 7.00);

INSERT INTO DETALLE_VENTA (VENTA_ID, DETALLE_ID, PRODUCTO_ID, CANTIDAD, PRECIO_UNITARIO, SUB_TOTAL)
VALUES (4, 1, 4, 1, 45.00, 45.00);

INSERT INTO DETALLE_VENTA (VENTA_ID, DETALLE_ID, PRODUCTO_ID, CANTIDAD, PRECIO_UNITARIO, SUB_TOTAL)
VALUES (5, 1, 5, 2, 15.00, 30.00);

-- 10. Insertar en la tabla INVENTARIO
-- INVENTARIO para cada tienda
INSERT INTO INVENTARIO (INVENTARIO_ID, ID_TIENDA, CANTIDAD)
VALUES (1, 1, 100);

INSERT INTO INVENTARIO (INVENTARIO_ID, ID_TIENDA, CANTIDAD)
VALUES (2, 2, 80);

INSERT INTO INVENTARIO (INVENTARIO_ID, ID_TIENDA, CANTIDAD)
VALUES (3, 3, 120);

INSERT INTO INVENTARIO (INVENTARIO_ID, ID_TIENDA, CANTIDAD)
VALUES (4, 4, 60);

INSERT INTO INVENTARIO (INVENTARIO_ID, ID_TIENDA, CANTIDAD)
VALUES (5, 5, 90);


-- 11. Insertar en la tabla PRODUCTO_INVENTARIO
-- PRODUCTO_INVENTARIO - asociación de productos con inventarios

-- Inventario 1 (Tienda Norte) tiene productos 1 y 2
INSERT INTO PRODUCTO_INVENTARIO (PRODUCTO_ID, INVENTARIO_ID)
VALUES (1, 1);
INSERT INTO PRODUCTO_INVENTARIO (PRODUCTO_ID, INVENTARIO_ID)
VALUES (2, 1);

-- Inventario 2 (Tienda Sur) tiene productos 2 y 3
INSERT INTO PRODUCTO_INVENTARIO (PRODUCTO_ID, INVENTARIO_ID)
VALUES (2, 2);
INSERT INTO PRODUCTO_INVENTARIO (PRODUCTO_ID, INVENTARIO_ID)
VALUES (3, 2);

-- Inventario 3 (Tienda Este) tiene productos 3 y 4
INSERT INTO PRODUCTO_INVENTARIO (PRODUCTO_ID, INVENTARIO_ID)
VALUES (3, 3);
INSERT INTO PRODUCTO_INVENTARIO (PRODUCTO_ID, INVENTARIO_ID)
VALUES (4, 3);

-- Inventario 4 (Tienda Oeste) tiene productos 4 y 5
INSERT INTO PRODUCTO_INVENTARIO (PRODUCTO_ID, INVENTARIO_ID)
VALUES (4, 4);
INSERT INTO PRODUCTO_INVENTARIO (PRODUCTO_ID, INVENTARIO_ID)
VALUES (5, 4);

-- Inventario 5 (Tienda Centro) tiene productos 1 y 5
INSERT INTO PRODUCTO_INVENTARIO (PRODUCTO_ID, INVENTARIO_ID)
VALUES (1, 5);
INSERT INTO PRODUCTO_INVENTARIO (PRODUCTO_ID, INVENTARIO_ID)
VALUES (5, 5);
